{"cameraMode":{"drawMode":0,"name":"Shaded","section":"Shading Mode"},"sceneLighting":false,"audioPlay":false,"sceneViewState":{"m_AlwaysRefresh":false,"showFog":true,"showSkybox":false,"showFlares":true,"showImageEffects":true,"showParticleSystems":true,"showVisualEffectGraphs":true,"m_FxEnabled":true},"in2DMode":false,"pivot":{"x":0.8984630703926086,"y":0.6903557777404785,"z":1.8545255661010743},"rotation":{"x":-0.05274408683180809,"y":-0.08249835669994354,"z":-0.0043433597311377529,"w":0.9952342510223389},"size":1.9551215171813965,"orthographic":false}