{"cameraMode":{"drawMode":0,"name":"Shaded","section":"Shading Mode"},"sceneLighting":false,"audioPlay":false,"sceneViewState":{"m_AlwaysRefresh":false,"showFog":true,"showSkybox":false,"showFlares":true,"showImageEffects":true,"showParticleSystems":true,"showVisualEffectGraphs":true,"m_FxEnabled":true},"in2DMode":false,"pivot":{"x":0.021004831418395044,"y":0.03857608139514923,"z":0.002981245517730713},"rotation":{"x":0.00930942315608263,"y":-0.00325956242159009,"z":-0.00001575906208017841,"w":1.000044584274292},"size":0.4303503930568695,"orthographic":false}