{"cameraMode":{"drawMode":0,"name":"Shaded","section":"Shading Mode"},"sceneLighting":false,"audioPlay":false,"sceneViewState":{"m_AlwaysRefresh":false,"showFog":true,"showSkybox":false,"showFlares":true,"showImageEffects":true,"showParticleSystems":true,"showVisualEffectGraphs":true,"m_FxEnabled":true},"in2DMode":false,"pivot":{"x":-1.5769449472427369,"y":9.772363662719727,"z":0.7352023124694824},"rotation":{"x":0.040796056389808658,"y":0.0147279417142272,"z":-0.0006465486367233098,"w":0.9991520047187805},"size":1.2439230680465699,"orthographic":false}