{"cameraMode":{"drawMode":0,"name":"Shaded","section":"Shading Mode"},"sceneLighting":false,"audioPlay":false,"sceneViewState":{"m_AlwaysRefresh":false,"showFog":true,"showSkybox":false,"showFlares":true,"showImageEffects":true,"showParticleSystems":true,"showVisualEffectGraphs":true,"m_FxEnabled":true},"in2DMode":false,"pivot":{"x":0.08474083989858628,"y":-1.2799370288848878,"z":1.7900028228759766},"rotation":{"x":0.0916852280497551,"y":0.008703242987394333,"z":-0.0008359202765859664,"w":0.9958495497703552},"size":3.676955223083496,"orthographic":false}