{"cameraMode":{"drawMode":0,"name":"Shaded","section":"Shading Mode"},"sceneLighting":false,"audioPlay":false,"sceneViewState":{"m_AlwaysRefresh":false,"showFog":true,"showSkybox":false,"showFlares":true,"showImageEffects":true,"showParticleSystems":true,"showVisualEffectGraphs":true,"m_FxEnabled":true},"in2DMode":false,"pivot":{"x":-1.2563021183013917,"y":1.7695013284683228,"z":-3.6217384338378908},"rotation":{"x":0.1305122822523117,"y":-0.09966278076171875,"z":0.013237115927040577,"w":0.9863760471343994},"size":1.7705931663513184,"orthographic":false}