{"cameraMode":{"drawMode":0,"name":"Shaded","section":"Shading Mode"},"sceneLighting":false,"audioPlay":false,"sceneViewState":{"m_AlwaysRefresh":false,"showFog":true,"showSkybox":false,"showFlares":true,"showImageEffects":true,"showParticleSystems":true,"showVisualEffectGraphs":true,"m_FxEnabled":true},"in2DMode":false,"pivot":{"x":0.38249731063842776,"y":0.026570111513137819,"z":0.8075600862503052},"rotation":{"x":0.0028487583622336389,"y":-0.035127390176057819,"z":-0.00007716190884821117,"w":-0.99940025806427},"size":0.7968688607215881,"orthographic":false}