{"cameraMode":{"drawMode":0,"name":"Shaded","section":"Shading Mode"},"sceneLighting":false,"audioPlay":false,"sceneViewState":{"m_AlwaysRefresh":false,"showFog":true,"showSkybox":false,"showFlares":true,"showImageEffects":true,"showParticleSystems":true,"showVisualEffectGraphs":true,"m_FxEnabled":true},"in2DMode":false,"pivot":{"x":1.6204484701156617,"y":0.7141293287277222,"z":2.2717418670654299},"rotation":{"x":0.02094412036240101,"y":0.9509391188621521,"z":-0.06888379901647568,"w":0.301313191652298},"size":1.4494507312774659,"orthographic":false}