{"cameraMode":{"drawMode":0,"name":"Shaded","section":"Shading Mode"},"sceneLighting":false,"audioPlay":false,"sceneViewState":{"m_AlwaysRefresh":false,"showFog":true,"showSkybox":false,"showFlares":true,"showImageEffects":true,"showParticleSystems":true,"showVisualEffectGraphs":true,"m_FxEnabled":true},"in2DMode":false,"pivot":{"x":0.06228867173194885,"y":-0.03266942501068115,"z":-0.5307916402816773},"rotation":{"x":0.062421493232250217,"y":0.16220299899578095,"z":-0.010341888293623925,"w":0.9848208427429199},"size":0.7968688607215881,"orthographic":false}