{"cameraMode":{"drawMode":0,"name":"Shaded","section":"Shading Mode"},"sceneLighting":false,"audioPlay":false,"sceneViewState":{"m_AlwaysRefresh":false,"showFog":true,"showSkybox":false,"showFlares":true,"showImageEffects":true,"showParticleSystems":true,"showVisualEffectGraphs":true,"m_FxEnabled":true},"in2DMode":false,"pivot":{"x":-0.6564507484436035,"y":0.01922665163874626,"z":-1.791512131690979},"rotation":{"x":0.1483110636472702,"y":0.5528812408447266,"z":-0.10084815323352814,"w":0.8138458132743836},"size":0.6940599083900452,"orthographic":false}