{"cameraMode":{"drawMode":0,"name":"Shaded","section":"Shading Mode"},"sceneLighting":false,"audioPlay":false,"sceneViewState":{"m_AlwaysRefresh":false,"showFog":true,"showSkybox":false,"showFlares":true,"showImageEffects":true,"showParticleSystems":true,"showVisualEffectGraphs":true,"m_FxEnabled":true},"in2DMode":false,"pivot":{"x":0.21503444015979768,"y":0.5730875730514526,"z":-0.2060207724571228},"rotation":{"x":0.4263271391391754,"y":0.022899575531482698,"z":-0.010747095569968224,"w":0.9042689800262451},"size":0.4923361837863922,"orthographic":false}