{"cameraMode":{"drawMode":0,"name":"Shaded","section":"Shading Mode"},"sceneLighting":false,"audioPlay":false,"sceneViewState":{"m_AlwaysRefresh":false,"showFog":true,"showSkybox":false,"showFlares":true,"showImageEffects":true,"showParticleSystems":true,"showVisualEffectGraphs":true,"m_FxEnabled":true},"in2DMode":false,"pivot":{"x":-0.45459508895874026,"y":-0.0695222020149231,"z":-0.12218993902206421},"rotation":{"x":0.32766619324684145,"y":0.035243917256593707,"z":-0.012184389866888523,"w":0.9441084861755371},"size":0.6769732236862183,"orthographic":false}