{"cameraMode":{"drawMode":0,"name":"Shaded","section":"Shading Mode"},"sceneLighting":true,"audioPlay":false,"sceneViewState":{"m_AlwaysRefresh":false,"showFog":true,"showSkybox":true,"showFlares":true,"showImageEffects":true,"showParticleSystems":true,"showVisualEffectGraphs":true,"m_FxEnabled":true},"in2DMode":false,"pivot":{"x":-18.58835220336914,"y":13.185059547424317,"z":31.775386810302736},"rotation":{"x":-0.05816361680626869,"y":-0.9389963746070862,"z":0.19897125661373139,"w":-0.2744842767715454},"size":11.935567855834961,"orthographic":false}