{"cameraMode":{"drawMode":0,"name":"Shaded","section":"Shading Mode"},"sceneLighting":false,"audioPlay":false,"sceneViewState":{"m_AlwaysRefresh":false,"showFog":true,"showSkybox":false,"showFlares":true,"showImageEffects":true,"showParticleSystems":true,"showVisualEffectGraphs":true,"m_FxEnabled":true},"in2DMode":false,"pivot":{"x":1.2744247913360596,"y":-1.0350165367126465,"z":-0.4647238850593567},"rotation":{"x":0.15035530924797059,"y":0.7244897484779358,"z":-0.16724076867103578,"w":0.6517173051834106},"size":2.601081371307373,"orthographic":false}